{
  "name": "RF24Mesh",
  "keywords": "rf, radio, wireless, spi, mesh, network",
  "description": "A simple and seamless 'mesh' layer for sensor networks. Designed to interface directly with with the RF24Network Development library, an OSI Network Layer using nRF24L01(+) radios driven by the newly optimized RF24 library fork.",
  "repository":
  {
    "type": "git",
    "url": "https://github.com/TMRh20/RF24Mesh.git"
  },
  "version": "1.1.3",
  "dependencies": [
    { "name": "RF24", "authors": "TMRh20", "frameworks": "arduino" },
    { "name": "RF24Network", "authors": "TMRh20", "frameworks": "arduino" }
  ],
  "exclude": "examples_RPi",
  "frameworks": "arduino",
  "platforms": [
    "atmelavr",
    "atmelsam",
    "teensy"
  ]
}
