{
	"name": "RF24Network",
	"version": "1.0.13",
	"keywords": "rf, radio, wireless, spi",
	"description": "OSI Layer 3 Networking for nrf24L01(+) devices.",
	"license": "GPL-2.0-only",
	"repository": {
		"type": "git",
		"url": "https://github.com/TMRh20/RF24Network.git"
	},
	"dependencies": {
		"name": "RF24",
		"authors": "RF24",
		"frameworks": "arduino"
	},
	"exclude": [
		"examples/*",
		"examples_RPi/*",
		"RPi/*",
		"tests/*"
	],
	"frameworks": "arduino",
	"platforms": [
		"atmelavr",
		"atmelsam",
		"teensy"
	],
	"requires": [{
		"name": "RF24"
	}]
}
